"Indeksi";"GDO_GID";"VAYLAT";"RIV summa"
"0";"227907";"100";"10,8"
"5";"227907";"100";"10,8"
"10";"227907";"100";"10,8"
"15";"227907";"100";"10,8"
"20";"227907";"100";"10,8"
"25";"227907";"100";"14,8"
"30";"227907";"100";"10,8"
"35";"227907";"100";"10,8"
"40";"227907";"100";"14,8"
"45";"227907";"100";"14,8"
"50";"227907";"100";"14,8"
"55";"227907";"100";"18,8"
"60";"227907";"100";"18,8"
"65";"227907";"100";"18,8"
"70";"227907";"100";"22,8"
"75";"227907";"100";"22,8"
"80";"227907";"100";"22,8"
"85";"227907";"100";"22,8"
"90";"227907";"100";"22,8"
"95";"227907";"100";"22,8"
"100";"227907";"100";"22,8"
"105";"227907";"100";"22,8"
"110";"227907";"100";"22,8"
"115";"227907";"100";"22,8"
"120";"227907";"100";"22,8"
"125";"227907";"100";"22,8"
"130";"227907";"100";"22,8"
"135";"227907";"100";"22,8"
"140";"227907";"100";"18,8"
"145";"170941";"100";"28,8"
"150";"170941";"100";"28,8"
"155";"170941";"100";"28,8"
"160";"170941";"100";"28,8"
"165";"170941";"100";"32,8"
"170";"170941";"100";"32,8"
"175";"170941";"100";"32,8"
"180";"170941";"100";"32,8"
"185";"170941";"100";"32,8"
"190";"170930";"100";"38,8"
"195";"170930";"100";"38,8"
"200";"170930";"100";"38,8"
"205";"170930";"100";"34,8"
"210";"170930";"100";"34,8"
"215";"170930";"100";"34,8"
"220";"170930";"100";"34,8"
"225";"170930";"100";"34,8"
"230";"170930";"100";"34,8"
"235";"170930";"100";"38,8"
"240";"170930";"100";"38,8"
"245";"170930";"100";"38,8"
"250";"170930";"100";"38,8"
"255";"272766";"100";"26,8"
"260";"272766";"100";"26,8"
"265";"272766";"100";"26,8"
"270";"272766";"100";"26,8"
"275";"272766";"100";"26,8"
"280";"272766";"100";"26,8"
"285";"272766";"100";"26,8"
"290";"272766";"100";"26,8"
"295";"272766";"100";"26,8"
"300";"272766";"100";"26,8"
"305";"272766";"100";"26,8"
"310";"272766";"100";"26,8"
"315";"272766";"100";"26,8"
"320";"272766";"100";"26,8"
"325";"272766";"100";"26,8"
"330";"272766";"100";"26,8"
"335";"272766";"100";"26,8"
"340";"272766";"100";"26,8"
"345";"272766";"100";"30,8"
"350";"272766";"100";"30,8"
"355";"272766";"100";"30,8"
"360";"272766";"100";"34,8"
"365";"272766";"100";"34,8"
"370";"272766";"100";"38,8"
"375";"272766";"100";"38,8"
"380";"272766";"100";"38,8"
"385";"272766";"100";"26,8"
"390";"272766";"100";"26,8"
"395";"272766";"100";"26,8"
"400";"272766";"100";"26,8"
"405";"272766";"100";"26,8"
"410";"272766";"100";"26,8"
"415";"272766";"100";"26,8"
"420";"272766";"100";"26,8"
"425";"272766";"100";"26,8"
"430";"272766";"100";"26,8"
"435";"272766";"100";"26,8"
"440";"272766";"100";"26,8"
"445";"272766";"100";"26,8"
"450";"272766";"100";"26,8"
"455";"272766";"100";"26,8"
"460";"272766";"100";"26,8"
"465";"272766";"100";"26,8"
"470";"169891";"100";"14,8"
"475";"169891";"100";"14,8"
"480";"169891";"100";"14,8"
"485";"169891";"100";"14,8"
"490";"169891";"100";"14,8"
"495";"169891";"100";"14,8"
"500";"169891";"100";"14,8"
"505";"169891";"100";"14,8"
"510";"169891";"100";"14,8"
"515";"169891";"100";"18,8"
"520";"169891";"100";"18,8"
"525";"169891";"100";"18,8"
"530";"169891";"100";"18,8"
"535";"169891";"100";"18,8"
"540";"169891";"100";"18,8"
"545";"169891";"100";"18,8"
"550";"169891";"100";"18,8"
"555";"169891";"100";"18,8"
"560";"169891";"100";"18,8"
"565";"169891";"100";"18,8"
"570";"169891";"100";"18,8"
"575";"169891";"100";"18,8"
"580";"169891";"100";"18,8"
"585";"169891";"100";"18,8"
"590";"169891";"100";"18,8"
"595";"169891";"100";"18,8"
"600";"169891";"100";"18,8"
"605";"169891";"100";"18,8"
"610";"169891";"100";"18,8"
"615";"169891";"100";"18,8"
"620";"169891";"100";"18,8"
"625";"169891";"100";"14,8"
"630";"169891";"100";"14,8"
"635";"169891";"100";"14,8"
"640";"169891";"100";"14,8"
"645";"169891";"100";"14,8"
"650";"169891";"100";"14,8"
"655";"169891";"100";"14,8"
"660";"169891";"100";"14,8"
"665";"169891";"100";"14,8"
"670";"169891";"100";"14,8"
"675";"169891";"100";"14,8"
"680";"169891";"100";"14,8"
"685";"169891";"100";"14,8"
"690";"169891";"100";"14,8"
"695";"169891";"100";"14,8"
"700";"169891";"100";"14,8"
"705";"169891";"100";"14,8"
"710";"169891";"100";"14,8"
"715";"169891";"100";"14,8"
"720";"169891";"100";"14,8"
"725";"169891";"100";"14,8"
"730";"169891";"100";"14,8"
"735";"169891";"100";"14,8"
"740";"169891";"100";"14,8"
"745";"169891";"100";"14,8"
"750";"169891";"100";"14,8"
"755";"169891";"100";"14,8"
"760";"169891";"100";"14,8"
"765";"169891";"100";"14,8"
"770";"169891";"100";"14,8"
"775";"169891";"100";"14,8"
"780";"169891";"100";"14,8"
"785";"169891";"100";"14,8"
"790";"169891";"100";"14,8"
"795";"169891";"100";"14,8"
"800";"169891";"100";"14,8"
"805";"169891";"100";"14,8"
"810";"169891";"100";"14,8"
"815";"169891";"100";"14,8"
"820";"169891";"100";"14,8"
"825";"169891";"100";"14,8"
"830";"169891";"100";"14,8"
"835";"169891";"100";"14,8"
"840";"169891";"100";"14,8"
"845";"169891";"100";"14,8"
"850";"169891";"100";"14,8"
"855";"169891";"100";"14,8"
"860";"169891";"100";"14,8"
"865";"169891";"100";"14,8"
"870";"169891";"100";"14,8"
"875";"169891";"100";"14,8"
"880";"169891";"100";"14,8"
"885";"169891";"100";"14,8"
"890";"169891";"100";"14,8"
"895";"169891";"100";"14,8"
"900";"169891";"100";"14,8"
"905";"169891";"100";"14,8"
"910";"169891";"100";"14,8"
"915";"169891";"100";"14,8"
"920";"169891";"100";"14,8"
"925";"169891";"100";"14,8"
"930";"169891";"100";"14,8"
"935";"169891";"100";"14,8"
"940";"169891";"100";"14,8"
"945";"169891";"100";"14,8"
"950";"169891";"100";"14,8"
"955";"169891";"100";"14,8"
"960";"169891";"100";"14,8"
"965";"169891";"100";"14,8"
"970";"169891";"100";"14,8"
"975";"169891";"100";"14,8"
"980";"169891";"100";"14,8"
"985";"169891";"100";"14,8"
"990";"169891";"100";"14,8"
"995";"169891";"100";"14,8"
"1000";"169891";"100";"14,8"
"1005";"169891";"100";"14,8"
"1010";"169891";"100";"14,8"
"1015";"169891";"100";"14,8"
"1020";"169891";"100";"14,8"
"1025";"169891";"100";"14,8"
"1030";"169891";"100";"14,8"
"1035";"169891";"100";"14,8"
"1040";"169891";"100";"14,8"
"1045";"169891";"100";"14,8"
"1050";"169891";"100";"14,8"
"1055";"169891";"100";"14,8"
"1060";"169891";"100";"14,8"
"1065";"169891";"100";"14,8"
"1070";"169891";"100";"14,8"
"1075";"169891";"100";"14,8"
"1080";"169891";"100";"14,8"
"1085";"169891";"100";"14,8"
"1090";"169891";"100";"14,8"
"1095";"169891";"100";"14,8"
"1100";"169891";"100";"14,8"
"1105";"169891";"100";"14,8"
"1110";"169891";"100";"14,8"
"1115";"169891";"100";"14,8"
"1120";"169891";"100";"14,8"
"1125";"169891";"100";"14,8"
"1130";"169891";"100";"14,8"
"1135";"169891";"100";"14,8"
"1140";"169891";"100";"14,8"
"1145";"169891";"100";"14,8"
"1150";"169891";"100";"14,8"
"1155";"169891";"100";"14,8"
"1160";"169891";"100";"14,8"
"1165";"169891";"100";"14,8"
"1170";"169891";"100";"14,8"
"1175";"169891";"100";"14,8"
"1180";"169891";"100";"14,8"
"1185";"169891";"100";"14,8"
"1190";"169891";"100";"14,8"
"1195";"169891";"100";"14,8"
"1200";"169891";"100";"14,8"
"1205";"169891";"100";"14,8"
"1210";"169891";"100";"14,8"
"1215";"169891";"100";"14,8"
"1220";"169891";"100";"14,8"
"1225";"169945";"100";"26,8"
"1230";"169945";"100";"26,8"
"1235";"169945";"100";"26,8"
"1240";"169945";"100";"26,8"
"1245";"169945";"100";"26,8"
"1250";"169945";"100";"26,8"
"1255";"169945";"100";"26,8"
"1260";"169945";"100";"26,8"
"1265";"169945";"100";"26,8"
"1270";"169945";"100";"26,8"
"1275";"169945";"100";"26,8"
"1280";"169945";"100";"26,8"
"1285";"169945";"100";"26,8"
"1290";"169945";"100";"26,8"
"1295";"169945";"100";"26,8"
"1300";"169945";"100";"26,8"
"1305";"169945";"100";"26,8"
"1310";"169945";"100";"30,8"
"1315";"169945";"100";"30,8"
"1320";"169945";"100";"30,8"
"1325";"169945";"100";"30,8"
"1330";"169945";"100";"30,8"
"1335";"169945";"100";"30,8"
"1340";"169945";"100";"30,8"
"1345";"169945";"100";"30,8"
"1350";"169945";"100";"30,8"
"1355";"169945";"100";"30,8"
"1360";"169945";"100";"30,8"
"1365";"169945";"100";"30,8"
"1370";"169945";"100";"30,8"
"1375";"170935";"100";"26,8"
"1380";"170935";"100";"26,8"
"1385";"170935";"100";"26,8"
"1390";"170935";"100";"26,8"
"1395";"170935";"100";"26,8"
"1400";"170935";"100";"26,8"
"1405";"170935";"100";"26,8"
"1410";"170935";"100";"26,8"
"1415";"170935";"100";"22,8"
"1420";"170935";"100";"22,8"
"1425";"170935";"100";"22,8"
"1430";"170935";"100";"22,8"
"1435";"170935";"100";"22,8"
"1440";"170935";"100";"22,8"
"1445";"169907";"100";"18,8"
"1450";"169907";"100";"18,8"
"1455";"169907";"100";"18,8"
"1460";"169907";"100";"18,8"
"1465";"169907";"100";"18,8"
"1470";"169907";"100";"18,8"
"1475";"169907";"100";"18,8"
"1480";"169907";"100";"18,8"
"1485";"169907";"100";"18,8"
"1490";"169907";"100";"18,8"
"1495";"169907";"100";"18,8"
"1500";"169907";"100";"18,8"
"1505";"169907";"100";"18,8"
"1510";"169907";"100";"22,8"
"1515";"169907";"100";"22,8"
"1520";"169907";"100";"22,8"
"1525";"169907";"100";"22,8"
"1530";"169907";"100";"22,8"
"1535";"169907";"100";"22,8"
"1540";"169907";"100";"22,8"
"1545";"169907";"100";"22,8"
"1550";"169907";"100";"22,8"
"1555";"169907";"100";"22,8"
"1560";"169907";"100";"22,8"
"1565";"169907";"100";"22,8"
"1570";"169907";"100";"22,8"
"1575";"169907";"100";"22,8"
"1580";"169907";"100";"22,8"
"1585";"169907";"100";"22,8"
"1590";"169907";"100";"22,8"
"1595";"169907";"100";"22,8"
"1600";"169907";"100";"22,8"
"1605";"169907";"100";"22,8"
"1610";"169907";"100";"22,8"
"1615";"169907";"100";"22,8"
"1620";"169907";"100";"22,8"
"1625";"169907";"100";"22,8"
"1630";"169907";"100";"22,8"
"1635";"169907";"100";"22,8"
"1640";"169907";"100";"22,8"
"1645";"169907";"100";"22,8"
"1650";"169907";"100";"22,8"
"1655";"169907";"100";"22,8"
"1660";"169907";"100";"22,8"
"1665";"169907";"100";"22,8"
"1670";"169907";"100";"22,8"
"1675";"169907";"100";"22,8"
"1680";"272779";"100";"30,8"
"1685";"272779";"100";"30,8"
"1690";"272779";"100";"30,8"
"1695";"272779";"100";"26,8"
"1700";"272779";"100";"26,8"
"1705";"272779";"100";"26,8"
"1710";"272779";"100";"26,8"
"1715";"272779";"100";"26,8"
"1720";"272779";"100";"26,8"
"1725";"272779";"100";"26,8"
"1730";"272779";"100";"26,8"
"1735";"272779";"100";"26,8"
"1740";"272779";"100";"26,8"
"1745";"272779";"100";"26,8"
"1750";"272779";"100";"26,8"
"1755";"272779";"100";"26,8"
"1760";"272779";"100";"26,8"
"1765";"272779";"100";"26,8"
"1770";"272779";"100";"26,8"
"1775";"170931";"100";"38,8"
"1780";"170931";"100";"38,8"
"1785";"170931";"100";"38,8"
"1790";"170931";"100";"38,8"
"1795";"170931";"100";"38,8"
"1800";"170931";"100";"38,8"
"1805";"170931";"100";"38,8"
"1810";"170931";"100";"38,8"
"1815";"170931";"100";"38,8"
"1820";"170931";"100";"38,8"
"1825";"170931";"100";"38,8"
"1830";"170931";"100";"38,8"
"1835";"170931";"100";"38,8"
"1840";"170931";"100";"38,8"
"1845";"170931";"100";"38,8"
"1850";"170931";"100";"38,8"
"1855";"169886";"100";"14,8"
"1860";"169886";"100";"14,8"
"1865";"169886";"100";"14,8"
"1870";"169886";"100";"14,8"
"1875";"169886";"100";"14,8"
"1880";"169886";"100";"14,8"
"1885";"169886";"100";"14,8"
"1890";"169886";"100";"14,8"
"1895";"169886";"100";"14,8"
"1900";"169886";"100";"14,8"
"1905";"169886";"100";"14,8"
"1910";"169886";"100";"14,8"
"1915";"169886";"100";"14,8"
"1920";"169886";"100";"14,8"
"1925";"169886";"100";"14,8"
"1930";"169886";"100";"14,8"
"1935";"169886";"100";"14,8"
"1940";"169886";"100";"14,8"
"1945";"169886";"100";"14,8"
"1950";"169886";"100";"14,8"
"1955";"169886";"100";"14,8"
"1960";"169886";"100";"14,8"
"1965";"169886";"100";"14,8"
"1970";"169886";"100";"14,8"
"1975";"169886";"100";"14,8"
"1980";"169886";"100";"18,8"
"1985";"169886";"100";"18,8"
"1990";"169886";"100";"18,8"
"1995";"169886";"100";"18,8"
"2000";"169886";"100";"18,8"
"2005";"169886";"100";"18,8"
"2010";"169886";"100";"18,8"
"2015";"169886";"100";"18,8"
"2020";"169886";"100";"18,8"
"2025";"169886";"100";"18,8"
"2030";"169886";"100";"18,8"
"2035";"169886";"100";"18,8"
"2040";"169886";"100";"18,8"
"2045";"169886";"100";"18,8"
"2050";"169886";"100";"18,8"
"2055";"169886";"100";"18,8"
"2060";"169886";"100";"18,8"
"2065";"169886";"100";"18,8"
"2070";"169886";"100";"18,8"
"2075";"169886";"100";"18,8"
"2080";"169886";"100";"18,8"
"2085";"169886";"100";"18,8"
"2090";"169886";"100";"18,8"
"2095";"169886";"100";"18,8"
"2100";"169886";"100";"18,8"
"2105";"169886";"100";"18,8"
"2110";"169886";"100";"18,8"
"2115";"169886";"100";"18,8"
"2120";"169886";"100";"18,8"
"2125";"169886";"100";"18,8"
"2130";"169886";"100";"18,8"
"2135";"169886";"100";"18,8"
"2140";"169886";"100";"18,8"
"2145";"169886";"100";"18,8"
"2150";"169886";"100";"18,8"
"2155";"169886";"100";"18,8"
"2160";"169886";"100";"18,8"
"2165";"169886";"100";"18,8"
"2170";"169886";"100";"18,8"
"2175";"169886";"100";"18,8"
"2180";"169886";"100";"18,8"
"2185";"169886";"100";"18,8"
"2190";"169886";"100";"18,8"
"2195";"169886";"100";"18,8"
"2200";"169886";"100";"18,8"
"2205";"169886";"100";"18,8"
"2210";"169886";"100";"18,8"
"2215";"169886";"100";"18,8"
"2220";"169886";"100";"18,8"
"2225";"169886";"100";"18,8"
"2230";"169886";"100";"18,8"
"2235";"169886";"100";"18,8"
"2240";"169886";"100";"18,8"
"2245";"169886";"100";"18,8"
"2250";"169886";"100";"18,8"
"2255";"169886";"100";"18,8"
"2260";"169886";"100";"18,8"
"2265";"169886";"100";"18,8"
"2270";"169886";"100";"18,8"
"2275";"169886";"100";"18,8"
"2280";"169886";"100";"18,8"
"2285";"169886";"100";"18,8"
"2290";"169886";"100";"18,8"
"2295";"169886";"100";"18,8"
"2300";"169886";"100";"18,8"
"2305";"169886";"100";"18,8"
"2310";"169886";"100";"18,8"
"2315";"169886";"100";"18,8"
"2320";"169886";"100";"18,8"
"2325";"169886";"100";"18,8"
"2330";"169886";"100";"18,8"
"2335";"169886";"100";"18,8"
"2340";"169886";"100";"18,8"
"2345";"169886";"100";"18,8"
"2350";"169886";"100";"18,8"
"2355";"169886";"100";"18,8"
"2360";"169886";"100";"18,8"
"2365";"169886";"100";"18,8"
"2370";"169886";"100";"18,8"
"2375";"169886";"100";"18,8"
"2380";"169886";"100";"18,8"
"2385";"169886";"100";"18,8"
"2390";"169886";"100";"18,8"
"2395";"169886";"100";"18,8"
"2400";"169886";"100";"18,8"
"2405";"169886";"100";"18,8"
"2410";"169886";"100";"18,8"
"2415";"169886";"100";"18,8"
"2420";"169886";"100";"18,8"
"2425";"169886";"100";"18,8"
"2430";"169886";"100";"18,8"
"2435";"169886";"100";"18,8"
"2440";"169886";"100";"18,8"
"2445";"169886";"100";"18,8"
"2450";"169886";"100";"18,8"
"2455";"169886";"100";"18,8"
"2460";"169886";"100";"18,8"
"2465";"169886";"100";"18,8"
"2470";"169886";"100";"18,8"
"2475";"169886";"100";"18,8"
"2480";"169886";"100";"18,8"
"2485";"169886";"100";"18,8"
"2490";"169886";"100";"18,8"
"2495";"169886";"100";"18,8"
"2500";"169886";"100";"18,8"
"2505";"169886";"100";"18,8"
"2510";"169886";"100";"18,8"
"2515";"169886";"100";"18,8"
"2520";"169886";"100";"18,8"
"2525";"169886";"100";"18,8"
"2530";"169886";"100";"18,8"
"2535";"169886";"100";"18,8"
"2540";"169886";"100";"18,8"
"2545";"169886";"100";"18,8"
"2550";"169886";"100";"18,8"
"2555";"169886";"100";"18,8"
"2560";"169886";"100";"18,8"
"2565";"169886";"100";"18,8"
"2570";"169886";"100";"18,8"
"2575";"169886";"100";"18,8"
"2580";"169886";"100";"18,8"
"2585";"169886";"100";"18,8"
"2590";"169886";"100";"18,8"
"2595";"169886";"100";"18,8"
"2600";"169886";"100";"18,8"
"2605";"169886";"100";"18,8"
"2610";"169886";"100";"18,8"
"2615";"169886";"100";"18,8"
"2620";"169886";"100";"18,8"
"2625";"169886";"100";"18,8"
"2630";"169886";"100";"18,8"
"2635";"169886";"100";"18,8"
"2640";"169886";"100";"18,8"
"2645";"169886";"100";"18,8"
"2650";"169886";"100";"18,8"
"2655";"169886";"100";"18,8"
"2660";"169886";"100";"18,8"
"2665";"169886";"100";"18,8"
"2670";"169886";"100";"18,8"
"2675";"169886";"100";"14,8"
"2680";"169886";"100";"14,8"
"2685";"169886";"100";"14,8"
"2690";"169886";"100";"14,8"
"2695";"169886";"100";"14,8"
"2700";"169886";"100";"14,8"
"2705";"169886";"100";"14,8"
"2710";"169886";"100";"14,8"
"2715";"169886";"100";"14,8"
"2720";"169886";"100";"14,8"
"2725";"169886";"100";"14,8"
"2730";"169886";"100";"14,8"
"2735";"169886";"100";"14,8"
"2740";"169886";"100";"14,8"
"2745";"169886";"100";"14,8"
"2750";"169886";"100";"14,8"
"2755";"169886";"100";"14,8"
"2760";"169886";"100";"14,8"
"2765";"169886";"100";"14,8"
"2770";"169886";"100";"14,8"
"2775";"169886";"100";"14,8"
"2780";"169886";"100";"14,8"
"2785";"169886";"100";"14,8"
"2790";"169886";"100";"14,8"
"2795";"169886";"100";"14,8"
"2800";"169886";"100";"14,8"
"2805";"169886";"100";"14,8"
"2810";"169886";"100";"14,8"
"2815";"169886";"100";"14,8"
"2820";"169886";"100";"14,8"
"2825";"169886";"100";"14,8"
"2830";"170934";"100";"22,8"
"2835";"170934";"100";"22,8"
"2840";"170934";"100";"22,8"
"2845";"170934";"100";"22,8"
"2850";"170934";"100";"22,8"
"2855";"170934";"100";"22,8"
"2860";"170934";"100";"22,8"
"2865";"169835";"100";"14,8"
"2870";"169835";"100";"14,8"
"2875";"169835";"100";"14,8"
"2880";"169835";"100";"18,8"
"2885";"169835";"100";"18,8"
"2890";"169835";"100";"18,8"
"2895";"169835";"100";"18,8"
"2900";"169835";"100";"18,8"
"2905";"169835";"100";"18,8"
"2910";"169835";"100";"18,8"
"2915";"169835";"100";"18,8"
"2920";"169835";"100";"18,8"
"2925";"169835";"100";"14,8"
"2930";"169835";"100";"14,8"
"2935";"169835";"100";"14,8"
"2940";"169835";"100";"14,8"
"2945";"169835";"100";"14,8"
"2950";"169835";"100";"14,8"
"2955";"169835";"100";"14,8"
"2960";"169835";"100";"14,8"
"2965";"169835";"100";"14,8"
"2970";"169835";"100";"14,8"
"2975";"169835";"100";"14,8"
"2980";"169835";"100";"14,8"
"2985";"169835";"100";"14,8"
"2990";"169835";"100";"14,8"
"2995";"169835";"100";"14,8"
"3000";"169835";"100";"14,8"
"3005";"169835";"100";"14,8"
"3010";"169835";"100";"14,8"
"3015";"169835";"100";"14,8"
"3020";"169835";"100";"14,8"
"3025";"169835";"100";"14,8"
"3030";"169835";"100";"14,8"
"3035";"169835";"100";"14,8"
"3040";"169835";"100";"14,8"
"3045";"169835";"100";"14,8"
"3050";"169835";"100";"14,8"
"3055";"169835";"100";"14,8"
"3060";"169835";"100";"14,8"
"3065";"169835";"100";"14,8"
"3070";"169835";"100";"14,8"
"3075";"169835";"100";"14,8"
"3080";"169835";"100";"14,8"
"3085";"169835";"100";"14,8"
"3090";"169835";"100";"14,8"
"3095";"169835";"100";"14,8"
"3100";"169835";"100";"14,8"
"3105";"169835";"100";"14,8"
"3110";"169835";"100";"14,8"
"3115";"169835";"100";"14,8"
"3120";"169835";"100";"14,8"
"3125";"169835";"100";"14,8"
"3130";"169835";"100";"14,8"
"3135";"169835";"100";"14,8"
"3140";"169835";"100";"14,8"
"3145";"169835";"100";"14,8"
"3150";"169835";"100";"14,8"
"3155";"169835";"100";"14,8"
"3160";"169835";"100";"14,8"
"3165";"169835";"100";"14,8"
"3170";"169835";"100";"14,8"
"3175";"169835";"100";"14,8"
"3180";"169835";"100";"14,8"
"3185";"169835";"100";"14,8"
"3190";"169835";"100";"14,8"
"3195";"169835";"100";"14,8"
"3200";"169835";"100";"14,8"
"3205";"169835";"100";"14,8"
"3210";"169835";"100";"14,8"
"3215";"169835";"100";"14,8"
"3220";"169835";"100";"14,8"
"3225";"169835";"100";"14,8"
"3230";"169835";"100";"14,8"
"3235";"169835";"100";"14,8"
"3240";"169835";"100";"14,8"
"3245";"169835";"100";"14,8"
"3250";"169835";"100";"14,8"
"3255";"169835";"100";"14,8"
"3260";"169835";"100";"14,8"
"3265";"169835";"100";"14,8"
"3270";"169835";"100";"14,8"
"3275";"169835";"100";"14,8"
"3280";"169835";"100";"14,8"
"3285";"169835";"100";"14,8"
"3290";"169835";"100";"14,8"
"3295";"169835";"100";"14,8"
"3300";"169835";"100";"14,8"
"3305";"169835";"100";"14,8"
"3310";"169835";"100";"14,8"
"3315";"169835";"100";"14,8"
"3320";"169835";"100";"14,8"
"3325";"169835";"100";"14,8"
"3330";"169835";"100";"14,8"
"3335";"169835";"100";"14,8"
"3340";"169835";"100";"14,8"
"3345";"169835";"100";"14,8"
"3350";"169835";"100";"14,8"
"3355";"169835";"100";"14,8"
"3360";"169835";"100";"14,8"
"3365";"169835";"100";"14,8"
"3370";"169835";"100";"14,8"
"3375";"169835";"100";"14,8"
"3380";"169835";"100";"14,8"
"3385";"169835";"100";"14,8"
"3390";"169835";"100";"14,8"
"3395";"169835";"100";"14,8"
"3400";"169835";"100";"14,8"
"3405";"169835";"100";"14,8"
"3410";"169835";"100";"14,8"
"3415";"169835";"100";"14,8"
"3420";"169835";"100";"14,8"
"3425";"169835";"100";"14,8"
"3430";"169835";"100";"14,8"
"3435";"169835";"100";"14,8"
"3440";"169835";"100";"14,8"
"3445";"169835";"100";"14,8"
"3450";"169835";"100";"14,8"
"3455";"169835";"100";"14,8"
"3460";"169835";"100";"14,8"
"3465";"169835";"100";"14,8"
"3470";"169835";"100";"14,8"
"3475";"169835";"100";"14,8"
"3480";"169835";"100";"14,8"
"3485";"169835";"100";"14,8"
"3490";"169835";"100";"14,8"
"3495";"169835";"100";"14,8"
"3500";"169835";"100";"14,8"
"3505";"169835";"100";"14,8"
"3510";"169835";"100";"14,8"
"3515";"169835";"100";"14,8"
"3520";"169835";"100";"14,8"
"3525";"169835";"100";"14,8"
"3530";"169835";"100";"14,8"
"3535";"169835";"100";"14,8"
"3540";"169835";"100";"14,8"
"3545";"169835";"100";"14,8"
"3550";"169835";"100";"14,8"
"3555";"169835";"100";"14,8"
"3560";"169835";"100";"14,8"
"3565";"169835";"100";"14,8"
"3570";"169835";"100";"14,8"
"3575";"169835";"100";"14,8"
"3580";"169835";"100";"10,8"
"3585";"169835";"100";"10,8"
"3590";"169835";"100";"10,8"
"3595";"169835";"100";"10,8"
"3600";"169835";"100";"10,8"
"3605";"169835";"100";"10,8"
"3610";"169835";"100";"10,8"
"3615";"169835";"100";"10,8"
"3620";"169835";"100";"10,8"
"3625";"169835";"100";"10,8"
"3630";"169835";"100";"10,8"
"3635";"169835";"100";"10,8"
"3640";"169835";"100";"10,8"
"3645";"169835";"100";"10,8"
"3650";"169835";"100";"10,8"
"3655";"169835";"100";"10,8"
"3660";"169835";"100";"10,8"
"3665";"169835";"100";"10,8"
"3670";"169835";"100";"10,8"
"3675";"169835";"100";"10,8"
"3680";"169835";"100";"10,8"
"3685";"169835";"100";"10,8"
"3690";"169835";"100";"10,8"
"3695";"169835";"100";"10,8"
"3700";"169835";"100";"10,8"
"3705";"169835";"100";"10,8"
"3710";"169835";"100";"10,8"
"3715";"169835";"100";"10,8"
"3720";"169835";"100";"10,8"
"3725";"169835";"100";"10,8"
"3730";"169835";"100";"10,8"
"3735";"169835";"100";"10,8"
"3740";"169835";"100";"10,8"
"3745";"169835";"100";"10,8"
"3750";"169835";"100";"10,8"
"3755";"169835";"100";"10,8"
"3760";"169835";"100";"10,8"
"3765";"169835";"100";"10,8"
"3770";"169835";"100";"10,8"
"3775";"169835";"100";"10,8"
"3780";"169835";"100";"10,8"
"3785";"169835";"100";"10,8"
"3790";"169835";"100";"10,8"
"3795";"169835";"100";"10,8"
"3800";"169835";"100";"10,8"
"3805";"169835";"100";"10,8"
"3810";"169835";"100";"10,8"
"3815";"169835";"100";"10,8"
"3820";"169835";"100";"10,8"
"3825";"169835";"100";"10,8"
"3830";"169835";"100";"10,8"
"3835";"169835";"100";"10,8"
"3840";"169835";"100";"10,8"
"3845";"169835";"100";"10,8"
"3850";"169835";"100";"10,8"
"3855";"169835";"100";"10,8"
"3860";"169835";"100";"10,8"
"3865";"169835";"100";"10,8"
"3870";"169835";"100";"10,8"
"3875";"169835";"100";"10,8"
"3880";"169835";"100";"10,8"
"3885";"169835";"100";"10,8"
"3890";"169835";"100";"10,8"
"3895";"169835";"100";"10,8"
"3900";"169835";"100";"10,8"
"3905";"169835";"100";"10,8"
"3910";"169835";"100";"14,8"
"3915";"169835";"100";"14,8"
"3920";"169835";"100";"14,8"
"3925";"169835";"100";"14,8"
"3930";"169835";"100";"14,8"
"3935";"169835";"100";"14,8"
"3940";"169835";"100";"14,8"
"3945";"169835";"100";"10,8"
"3950";"169835";"100";"10,8"
"3955";"169835";"100";"10,8"
"3960";"169835";"100";"10,8"
"3965";"169835";"100";"10,8"
"3970";"169835";"100";"10,8"
"3975";"169835";"100";"10,8"
"3980";"170938";"100";"30,8"
"3985";"170938";"100";"30,8"
"3990";"170938";"100";"30,8"
"3995";"170938";"100";"30,8"
"4000";"170938";"100";"30,8"
"4005";"170938";"100";"30,8"
"4010";"170938";"100";"30,8"
"4015";"170938";"100";"30,8"
"4020";"170938";"100";"30,8"
"4025";"170938";"100";"30,8"
"4030";"170938";"100";"30,8"
"4035";"170938";"100";"30,8"
"4040";"170938";"100";"30,8"
"4045";"170938";"100";"30,8"
"4050";"169874";"100";"14,8"
"4055";"169874";"100";"14,8"
"4060";"169874";"100";"14,8"
"4065";"169874";"100";"14,8"
"4070";"169874";"100";"14,8"
"4075";"169874";"100";"14,8"
"4080";"169874";"100";"18,8"
"4085";"169874";"100";"18,8"
"4090";"169874";"100";"18,8"
"4095";"169874";"100";"18,8"
"4100";"169874";"100";"18,8"
"4105";"169874";"100";"18,8"
"4110";"169874";"100";"18,8"
"4115";"169874";"100";"18,8"
"4120";"169874";"100";"18,8"
"4125";"169874";"100";"18,8"
"4130";"169874";"100";"18,8"
"4135";"169874";"100";"18,8"
"4140";"169874";"100";"18,8"
"4145";"169874";"100";"18,8"
"4150";"169874";"100";"18,8"
"4155";"169874";"100";"18,8"
"4160";"169874";"100";"18,8"
"4165";"169874";"100";"18,8"
"4170";"169874";"100";"18,8"
"4175";"169874";"100";"18,8"
"4180";"169874";"100";"18,8"
"4185";"169874";"100";"18,8"
"4190";"169874";"100";"18,8"
"4195";"169874";"100";"18,8"
"4200";"169874";"100";"18,8"
"4205";"169874";"100";"18,8"
"4210";"169874";"100";"18,8"
"4215";"169874";"100";"18,8"
"4220";"169874";"100";"18,8"
"4225";"169874";"100";"18,8"
"4230";"169874";"100";"18,8"
"4235";"169874";"100";"18,8"
"4240";"169874";"100";"18,8"
"4245";"169874";"100";"18,8"
"4250";"169874";"100";"18,8"
"4255";"169874";"100";"18,8"
"4260";"169874";"100";"18,8"
"4265";"169874";"100";"18,8"
"4270";"169874";"100";"18,8"
"4275";"169874";"100";"18,8"
"4280";"169874";"100";"18,8"
"4285";"169874";"100";"18,8"
"4290";"169874";"100";"18,8"
"4295";"169874";"100";"18,8"
"4300";"169874";"100";"18,8"
"4305";"169874";"100";"18,8"
"4310";"169874";"100";"18,8"
"4315";"169874";"100";"18,8"
"4320";"169874";"100";"18,8"
"4325";"169874";"100";"18,8"
"4330";"169874";"100";"18,8"
"4335";"169874";"100";"18,8"
"4340";"169874";"100";"18,8"
"4345";"169874";"100";"18,8"
"4350";"169874";"100";"18,8"
"4355";"169874";"100";"18,8"
"4360";"169874";"100";"18,8"
"4365";"169874";"100";"18,8"
"4370";"169874";"100";"18,8"
"4375";"169874";"100";"18,8"
"4380";"169874";"100";"18,8"
"4385";"169874";"100";"18,8"
"4390";"169874";"100";"18,8"
"4395";"169874";"100";"18,8"
"4400";"169874";"100";"18,8"
"4405";"169874";"100";"18,8"
"4410";"169874";"100";"18,8"
"4415";"169874";"100";"18,8"
"4420";"169874";"100";"18,8"
"4425";"169874";"100";"18,8"
"4430";"169874";"100";"18,8"
"4435";"169874";"100";"18,8"
"4440";"169874";"100";"18,8"
"4445";"169874";"100";"18,8"
"4450";"169874";"100";"18,8"
"4455";"169874";"100";"18,8"
"4460";"169874";"100";"14,8"
"4465";"169874";"100";"14,8"
"4470";"169874";"100";"14,8"
"4475";"169874";"100";"14,8"
"4480";"169874";"100";"14,8"
"4485";"169874";"100";"14,8"
"4490";"169874";"100";"14,8"
"4495";"169874";"100";"14,8"
"4500";"169874";"100";"14,8"
"4505";"169874";"100";"14,8"
"4510";"169874";"100";"14,8"
"4515";"169874";"100";"14,8"
"4520";"169874";"100";"14,8"
"4525";"169874";"100";"14,8"
"4530";"169874";"100";"14,8"
"4535";"169952";"100";"18,8"
"4540";"169952";"100";"22,8"
"4545";"169952";"100";"22,8"
"4550";"169952";"100";"22,8"
"4555";"169952";"100";"22,8"
"4560";"169952";"100";"22,8"
"4565";"169952";"100";"22,8"
"4570";"169952";"100";"22,8"
"4575";"169952";"100";"22,8"
"4580";"169952";"100";"22,8"
"4585";"169952";"100";"22,8"
"4590";"169952";"100";"22,8"
"4595";"169952";"100";"22,8"
"4600";"169952";"100";"22,8"
"4605";"169952";"100";"22,8"
"4610";"169952";"100";"22,8"
"4615";"169952";"100";"22,8"
"4620";"169952";"100";"22,8"
"4625";"169952";"100";"22,8"
"4630";"169952";"100";"22,8"
"4635";"169952";"100";"22,8"
"4640";"169952";"100";"22,8"
"4645";"169952";"100";"22,8"
"4650";"169952";"100";"22,8"
"4655";"169952";"100";"22,8"
"4660";"169952";"100";"22,8"
"4665";"169952";"100";"22,8"
"4670";"169952";"100";"22,8"
"4675";"169952";"100";"22,8"
"4680";"169952";"100";"22,8"
"4685";"169952";"100";"22,8"
"4690";"169952";"100";"22,8"
"4695";"169952";"100";"22,8"
"4700";"169952";"100";"22,8"
"4705";"169952";"100";"22,8"
"4710";"169952";"100";"22,8"
"4715";"169952";"100";"22,8"
"4720";"169952";"100";"22,8"
"4725";"169952";"100";"22,8"
"4730";"169952";"100";"22,8"
"4735";"169952";"100";"22,8"
"4740";"169952";"100";"22,8"
"4745";"169952";"100";"22,8"
"4750";"169952";"100";"22,8"
"4755";"169952";"100";"22,8"
"4760";"169952";"100";"22,8"
"4765";"169952";"100";"22,8"
"4770";"169952";"100";"22,8"
"4775";"169952";"100";"22,8"
"4780";"169952";"100";"22,8"
"4785";"169952";"100";"22,8"
"4790";"169952";"100";"22,8"
"4795";"169952";"100";"22,8"
"4800";"169952";"100";"22,8"
"4805";"169952";"100";"22,8"
"4810";"169952";"100";"22,8"
"4815";"169952";"100";"22,8"
"4820";"169952";"100";"22,8"
"4825";"169952";"100";"22,8"
"4830";"169952";"100";"22,8"
"4835";"169952";"100";"22,8"
"4840";"169952";"100";"10,8"
"4845";"169952";"100";"10,8"
"4850";"227903";"100";"10,8"
"4855";"227903";"100";"10,8"
"4860";"227903";"100";"10,8"
"4865";"227903";"100";"10,8"
"4870";"227903";"100";"10,8"
"4875";"227903";"100";"10,8"
"4880";"227903";"100";"10,8"
"4885";"227903";"100";"10,8"
"4890";"227903";"100";"10,8"
"4895";"227903";"100";"10,8"
"4900";"227903";"100";"22,8"
"4905";"227903";"100";"22,8"
"4910";"227903";"100";"22,8"
"4915";"227903";"100";"22,8"
"4920";"227903";"100";"22,8"
"4925";"227903";"100";"22,8"
"4930";"227903";"100";"22,8"
"4935";"227903";"100";"22,8"
"4940";"227903";"100";"22,8"
"4945";"227903";"100";"22,8"
"4950";"227903";"100";"22,8"
"4955";"227903";"100";"18,8"
"4960";"227903";"100";"18,8"
"4965";"227903";"100";"18,8"
"4970";"227903";"100";"14,8"
"4975";"170933";"100";"18,8"
"4980";"170933";"100";"18,8"
"4985";"170933";"100";"18,8"
"4990";"170933";"100";"18,8"
"4995";"170933";"100";"18,8"
"5000";"170933";"100";"18,8"
"5005";"170933";"100";"18,8"
"5010";"170933";"100";"18,8"
"5015";"170940";"100";"26,8"
"5020";"170940";"100";"26,8"
"5025";"170940";"100";"26,8"
"5030";"170940";"100";"26,8"
"5035";"272761";"100";"14,8"
"5040";"272761";"100";"14,8"
"5045";"272761";"100";"14,8"
"5050";"272761";"100";"18,8"
"5055";"272761";"100";"18,8"
"5060";"272761";"100";"18,8"
"5065";"272761";"100";"18,8"
"5070";"272761";"100";"18,8"
"5075";"272761";"100";"18,8"
"5080";"272761";"100";"18,8"
"5085";"272761";"100";"18,8"
"5090";"272761";"100";"14,8"
"5095";"272761";"100";"14,8"
"5100";"272761";"100";"14,8"
"5105";"272761";"100";"14,8"
"5110";"272761";"100";"14,8"
"5115";"272761";"100";"14,8"
"5120";"272761";"100";"14,8"
"5125";"272761";"100";"14,8"
"5130";"272761";"100";"14,8"
"5135";"272761";"100";"14,8"
"5140";"272761";"100";"14,8"
"5145";"272761";"100";"14,8"
"5150";"272761";"100";"14,8"
"5155";"272761";"100";"14,8"
"5160";"272761";"100";"14,8"
"5165";"272761";"100";"14,8"
"5170";"272761";"100";"14,8"
"5175";"272761";"100";"14,8"
"5180";"272761";"100";"14,8"
"5185";"272761";"100";"14,8"
"5190";"272761";"100";"14,8"
"5195";"272761";"100";"14,8"
"5200";"272761";"100";"14,8"
"5205";"272761";"100";"14,8"
"5210";"272761";"100";"14,8"
"5215";"272761";"100";"14,8"
"5220";"272761";"100";"14,8"
"5225";"272761";"100";"14,8"
"5230";"272761";"100";"14,8"
"5235";"272761";"100";"14,8"
"5240";"272761";"100";"14,8"
"5245";"272761";"100";"14,8"
"5250";"272761";"100";"14,8"
"5255";"272761";"100";"14,8"
"5260";"272761";"100";"14,8"
"5265";"272761";"100";"14,8"
"5270";"272761";"100";"14,8"
"5275";"272761";"100";"14,8"
"5280";"272761";"100";"14,8"
"5285";"272761";"100";"14,8"
"5290";"272761";"100";"14,8"
"5295";"272761";"100";"14,8"
"5300";"272761";"100";"14,8"
"5305";"272761";"100";"14,8"
"5310";"272761";"100";"14,8"
"5315";"272761";"100";"14,8"
"5320";"272761";"100";"14,8"
"5325";"272761";"100";"14,8"
"5330";"272761";"100";"14,8"
"5335";"272761";"100";"14,8"
"5340";"272761";"100";"14,8"
"5345";"272761";"100";"14,8"
"5350";"272761";"100";"14,8"
"5355";"272761";"100";"14,8"
"5360";"272761";"100";"14,8"
"5365";"272761";"100";"14,8"
"5370";"272761";"100";"14,8"
"5375";"272761";"100";"14,8"
"5380";"272761";"100";"14,8"
"5385";"272761";"100";"14,8"
"5390";"272761";"100";"14,8"
"5395";"272761";"100";"14,8"
"5400";"272761";"100";"14,8"
"5405";"272761";"100";"14,8"
"5410";"272761";"100";"14,8"
"5415";"272761";"100";"14,8"
"5420";"272761";"100";"14,8"
"5425";"272761";"100";"14,8"
"5430";"272761";"100";"14,8"
"5435";"272761";"100";"14,8"
"5440";"272761";"100";"14,8"
"5445";"272761";"100";"14,8"
"5450";"272761";"100";"14,8"
"5455";"272761";"100";"14,8"
"5460";"272761";"100";"14,8"
"5465";"272761";"100";"14,8"
"5470";"272761";"100";"14,8"
"5475";"272761";"100";"14,8"
"5480";"272761";"100";"14,8"
"5485";"272761";"100";"14,8"
"5490";"272761";"100";"14,8"
"5495";"272761";"100";"14,8"
"5500";"272761";"100";"14,8"
"5505";"272761";"100";"14,8"
"5510";"272761";"100";"14,8"
"5515";"272761";"100";"14,8"
"5520";"272761";"100";"14,8"
"5525";"272761";"100";"14,8"
"5530";"272761";"100";"14,8"
"5535";"272761";"100";"14,8"
"5540";"272761";"100";"14,8"
"5545";"272761";"100";"14,8"
"5550";"272761";"100";"14,8"
"5555";"272761";"100";"14,8"
"5560";"272761";"100";"14,8"
"5565";"272761";"100";"14,8"
"5570";"272761";"100";"14,8"
"5575";"272761";"100";"14,8"
"5580";"272761";"100";"14,8"
"5585";"272761";"100";"14,8"
"5590";"272761";"100";"14,8"
"5595";"272761";"100";"14,8"
"5600";"272761";"100";"14,8"
"5605";"272761";"100";"14,8"
"5610";"272761";"100";"14,8"
"5615";"272761";"100";"14,8"
"5620";"272761";"100";"14,8"
"5625";"272761";"100";"14,8"
"5630";"272761";"100";"14,8"
"5635";"272761";"100";"14,8"
"5640";"272761";"100";"14,8"
"5645";"272761";"100";"14,8"
"5650";"272761";"100";"14,8"
"5655";"272761";"100";"14,8"
"5660";"272761";"100";"14,8"
"5665";"272761";"100";"14,8"
"5670";"272761";"100";"14,8"
"5675";"272761";"100";"14,8"
"5680";"272761";"100";"14,8"
"5685";"272761";"100";"14,8"
"5690";"272761";"100";"14,8"
"5695";"272761";"100";"14,8"
"5700";"272761";"100";"14,8"
"5705";"272761";"100";"14,8"
"5710";"272761";"100";"14,8"
"5715";"272761";"100";"14,8"
"5720";"272761";"100";"14,8"
"5725";"272761";"100";"14,8"
"5730";"272761";"100";"14,8"
"5735";"272761";"100";"14,8"
"5740";"272761";"100";"14,8"
"5745";"272761";"100";"14,8"
"5750";"272761";"100";"10,8"
"5755";"272761";"100";"10,8"
"5760";"272761";"100";"10,8"
"5765";"272761";"100";"10,8"
"5770";"272761";"100";"10,8"
"5775";"272761";"100";"10,8"
"5780";"272761";"100";"10,8"
"5785";"272761";"100";"10,8"
"5790";"272761";"100";"10,8"
"5795";"272761";"100";"10,8"
"5800";"272761";"100";"10,8"
"5805";"272761";"100";"10,8"
"5810";"272761";"100";"10,8"
"5815";"272761";"100";"10,8"
"5820";"272761";"100";"10,8"
"5825";"272761";"100";"10,8"
"5830";"272761";"100";"10,8"
"5835";"272761";"100";"10,8"
"5840";"272761";"100";"10,8"
"5845";"272761";"100";"10,8"
"5850";"272761";"100";"10,8"
"5855";"272761";"100";"10,8"
"5860";"272761";"100";"10,8"
"5865";"272761";"100";"10,8"
"5870";"272761";"100";"10,8"
"5875";"272761";"100";"10,8"
"5880";"272761";"100";"10,8"
"5885";"272761";"100";"10,8"
"5890";"272761";"100";"10,8"
"5895";"272761";"100";"10,8"
"5900";"272761";"100";"10,8"
"5905";"272761";"100";"10,8"
"5910";"272761";"100";"10,8"
"5915";"272761";"100";"10,8"
"5920";"272761";"100";"10,8"
"5925";"272761";"100";"10,8"
"5930";"272761";"100";"10,8"
"5935";"272761";"100";"10,8"
"5940";"272761";"100";"10,8"
"5945";"272761";"100";"10,8"
"5950";"272761";"100";"10,8"
"5955";"272761";"100";"10,8"
"5960";"272761";"100";"10,8"
"5965";"272761";"100";"10,8"
"5970";"272761";"100";"10,8"
"5975";"272761";"100";"10,8"
"5980";"272761";"100";"10,8"
"5985";"272761";"100";"10,8"
"5990";"272761";"100";"10,8"
"5995";"272761";"100";"10,8"
"6000";"272761";"100";"10,8"
"6005";"272761";"100";"10,8"
"6010";"272761";"100";"10,8"
"6015";"272761";"100";"10,8"
"6020";"272761";"100";"10,8"
"6025";"272761";"100";"10,8"
"6030";"272761";"100";"10,8"
"6035";"272761";"100";"10,8"
"6040";"272761";"100";"10,8"
"6045";"272761";"100";"10,8"
"6050";"272761";"100";"10,8"
"6055";"272761";"100";"10,8"
"6060";"272761";"100";"10,8"
"6065";"272761";"100";"10,8"
"6070";"272761";"100";"10,8"
"6075";"272761";"100";"10,8"
"6080";"272761";"100";"14,8"
"6085";"272761";"100";"14,8"
"6090";"272761";"100";"14,8"
"6095";"272761";"100";"14,8"
"6100";"272761";"100";"14,8"
"6105";"272761";"100";"14,8"
"6110";"272761";"100";"14,8"
"6115";"272761";"100";"10,8"
"6120";"272761";"100";"10,8"
"6125";"272761";"100";"10,8"
"6130";"272761";"100";"10,8"
"6135";"272761";"100";"10,8"
"6140";"272761";"100";"10,8"
"6145";"272761";"100";"10,8"
"6150";"169936";"100";"10,8"
"6155";"169936";"100";"10,8"
"6160";"169936";"100";"10,8"
"6165";"169936";"100";"10,8"
"6170";"169936";"100";"10,8"
"6175";"169936";"100";"10,8"
"6180";"169936";"100";"18,8"
"6185";"169936";"100";"18,8"
"6190";"169936";"100";"14,8"
"6195";"169936";"100";"14,8"
"6200";"169936";"100";"14,8"
"6205";"169936";"100";"14,8"
"6210";"169936";"100";"14,8"
"6215";"169936";"100";"10,8"
"6220";"169936";"100";"10,8"
"6225";"169936";"100";"10,8"
"6230";"169936";"100";"10,8"
"6235";"169936";"100";"10,8"
"6240";"169936";"100";"10,8"
"6245";"169936";"100";"14,8"
"6250";"169936";"100";"14,8"
"6255";"169936";"100";"14,8"
"6260";"169936";"100";"14,8"
"6265";"169936";"100";"14,8"
"6270";"169855";"100";"18,8"
"6275";"169855";"100";"18,8"
"6280";"169855";"100";"18,8"
"6285";"169855";"100";"18,8"
"6290";"169855";"100";"18,8"
"6295";"169855";"100";"18,8"
"6300";"169855";"100";"18,8"
"6305";"169855";"100";"18,8"
"6310";"169855";"100";"18,8"
"6315";"169855";"100";"18,8"
"6320";"169855";"100";"18,8"
"6325";"169855";"100";"18,8"
"6330";"169855";"100";"18,8"
"6335";"169855";"100";"18,8"
"6340";"169855";"100";"18,8"
"6345";"169855";"100";"18,8"
"6350";"169855";"100";"18,8"
"6355";"169855";"100";"18,8"
"6360";"169855";"100";"18,8"
"6365";"169855";"100";"18,8"
"6370";"169855";"100";"18,8"
"6375";"169855";"100";"18,8"
"6380";"169855";"100";"18,8"
"6385";"169855";"100";"18,8"
"6390";"169855";"100";"18,8"
"6395";"169855";"100";"18,8"
"6400";"169855";"100";"18,8"
"6405";"169855";"100";"18,8"
"6410";"169855";"100";"18,8"
"6415";"169855";"100";"14,8"
"6420";"169855";"100";"14,8"
"6425";"169855";"100";"14,8"
"6430";"169855";"100";"14,8"
"6435";"169855";"100";"14,8"
"6440";"169855";"100";"14,8"
"6445";"169855";"100";"14,8"
"6450";"169855";"100";"14,8"
"6455";"169855";"100";"14,8"
"6460";"169855";"100";"14,8"
"6465";"169855";"100";"14,8"
"6470";"169855";"100";"14,8"
"6475";"169855";"100";"14,8"
"6480";"169855";"100";"14,8"
"6485";"169855";"100";"14,8"
"6490";"169855";"100";"14,8"
"6495";"169855";"100";"14,8"
"6500";"169855";"100";"14,8"
"6505";"169855";"100";"14,8"
"6510";"169855";"100";"14,8"
"6515";"169855";"100";"14,8"
"6520";"169855";"100";"14,8"
"6525";"169923";"100";"14,8"
"6530";"169923";"100";"14,8"
"6535";"169923";"100";"14,8"
"6540";"169923";"100";"14,8"
"6545";"169923";"100";"14,8"
"6550";"169923";"100";"14,8"
"6555";"169923";"100";"14,8"
"6560";"169923";"100";"14,8"
"6565";"169923";"100";"14,8"
"6570";"169923";"100";"14,8"
"6575";"169923";"100";"14,8"
"6580";"169923";"100";"14,8"
"6585";"169923";"100";"14,8"
"6590";"169923";"100";"14,8"
"6595";"169923";"100";"14,8"
"6600";"169923";"100";"14,8"
"6605";"169923";"100";"14,8"
"6610";"169923";"100";"14,8"
"6615";"169923";"100";"14,8"
"6620";"169923";"100";"14,8"
"6625";"169923";"100";"14,8"
"6630";"169923";"100";"14,8"
"6635";"169923";"100";"14,8"
"6640";"169923";"100";"14,8"
"6645";"169923";"100";"14,8"
"6650";"169923";"100";"14,8"
"6655";"169923";"100";"14,8"
"6660";"169923";"100";"14,8"
"6665";"169923";"100";"14,8"
"6670";"169923";"100";"14,8"
"6675";"169923";"100";"18,8"
"6680";"169923";"100";"18,8"
"6685";"169923";"100";"18,8"
"6690";"169923";"100";"18,8"
"6695";"169923";"100";"18,8"
"6700";"169923";"100";"18,8"
"6705";"169923";"100";"18,8"
"6710";"169923";"100";"18,8"
"6715";"169923";"100";"18,8"
"6720";"169923";"100";"18,8"
"6725";"169923";"100";"18,8"
"6730";"169923";"100";"18,8"
"6735";"169923";"100";"18,8"
"6740";"169923";"100";"18,8"
"6745";"169923";"100";"18,8"
"6750";"169923";"100";"18,8"
"6755";"169923";"100";"18,8"
"6760";"169923";"100";"18,8"
"6765";"169923";"100";"18,8"
"6770";"169923";"100";"18,8"
"6775";"169923";"100";"18,8"
"6780";"169923";"100";"18,8"
"6785";"169923";"100";"18,8"
"6790";"169923";"100";"18,8"
"6795";"169923";"100";"18,8"
"6800";"169923";"100";"18,8"
"6805";"169923";"100";"18,8"
"6810";"169923";"100";"18,8"
"6815";"169923";"100";"18,8"
"6820";"169923";"100";"18,8"
"6825";"169923";"100";"18,8"
"6830";"169923";"100";"18,8"
"6835";"169923";"100";"18,8"
"6840";"169923";"100";"18,8"
"6845";"169923";"100";"18,8"
"6850";"169923";"100";"18,8"
"6855";"169923";"100";"18,8"
"6860";"169923";"100";"18,8"
"6865";"169923";"100";"18,8"
"6870";"169923";"100";"18,8"
"6875";"169923";"100";"18,8"
"6880";"169923";"100";"18,8"
"6885";"169923";"100";"18,8"
"6890";"169923";"100";"18,8"
"6895";"169923";"100";"18,8"
"6900";"169923";"100";"18,8"
"6905";"169923";"100";"18,8"
"6910";"169923";"100";"18,8"
"6915";"169923";"100";"18,8"
"6920";"169923";"100";"18,8"
"6925";"169923";"100";"18,8"
"6930";"169923";"100";"18,8"
"6935";"169923";"100";"18,8"
"6940";"169923";"100";"18,8"
"6945";"169923";"100";"18,8"
"6950";"169923";"100";"18,8"
"6955";"169838";"100";"14,8"
"6960";"169838";"100";"10,8"
"6965";"169838";"100";"10,8"
"6970";"169838";"100";"10,8"
"6975";"169838";"100";"10,8"
"6980";"169838";"100";"10,8"
"6985";"169838";"100";"10,8"
"6990";"169838";"100";"10,8"
"6995";"169838";"100";"10,8"
"7000";"169838";"100";"10,8"
"7005";"169838";"100";"10,8"
"7010";"169838";"100";"14,8"
"7015";"169838";"100";"14,8"
"7020";"169838";"100";"14,8"
"7025";"169838";"100";"14,8"
"7030";"169838";"100";"14,8"
"7035";"169838";"100";"14,8"
"7040";"169838";"100";"14,8"
"7045";"169838";"100";"14,8"
"7050";"169838";"100";"14,8"
"7055";"169838";"100";"14,8"
"7060";"169838";"100";"14,8"
"7065";"169838";"100";"14,8"
"7070";"169838";"100";"14,8"
"7075";"169838";"100";"14,8"
"7080";"169838";"100";"14,8"
"7085";"169838";"100";"14,8"
"7090";"169838";"100";"14,8"
"7095";"169838";"100";"14,8"
"7100";"169838";"100";"14,8"
"7105";"169838";"100";"14,8"
"7110";"169838";"100";"14,8"
"7115";"169838";"100";"14,8"
"7120";"169838";"100";"14,8"
"7125";"169838";"100";"14,8"
"7130";"169838";"100";"14,8"
"7135";"169838";"100";"14,8"
"7140";"169838";"100";"14,8"
"7145";"169838";"100";"14,8"
"7150";"169838";"100";"14,8"
"7155";"169838";"100";"14,8"
"7160";"169838";"100";"14,8"
"7165";"169838";"100";"14,8"
"7170";"169838";"100";"14,8"
"7175";"169838";"100";"14,8"
"7180";"169838";"100";"14,8"
"7185";"169838";"100";"14,8"
"7190";"169838";"100";"14,8"
"7195";"169838";"100";"14,8"
"7200";"169838";"100";"14,8"
"7205";"169838";"100";"14,8"
"7210";"169838";"100";"14,8"
"7215";"169838";"100";"14,8"
"7220";"169838";"100";"14,8"
"7225";"169838";"100";"14,8"
"7230";"169838";"100";"14,8"
"7235";"169838";"100";"14,8"
"7240";"169838";"100";"14,8"
"7245";"169838";"100";"14,8"
"7250";"169838";"100";"14,8"
"7255";"169838";"100";"14,8"
"7260";"169838";"100";"14,8"
"7265";"169838";"100";"14,8"
"7270";"169838";"100";"14,8"
"7275";"169838";"100";"14,8"
"7280";"169838";"100";"14,8"
"7285";"169838";"100";"14,8"
"7290";"169838";"100";"14,8"
"7295";"169838";"100";"14,8"
"7300";"169838";"100";"14,8"
"7305";"169838";"100";"14,8"
"7310";"169838";"100";"14,8"
"7315";"169838";"100";"14,8"
"7320";"169838";"100";"14,8"
"7325";"169838";"100";"14,8"
"7330";"169838";"100";"14,8"
"7335";"169838";"100";"14,8"
"7340";"169838";"100";"14,8"
"7345";"169838";"100";"14,8"
"7350";"169838";"100";"14,8"
"7355";"169838";"100";"14,8"
"7360";"169838";"100";"14,8"
"7365";"169838";"100";"14,8"
"7370";"169838";"100";"14,8"
"7375";"169838";"100";"14,8"
"7380";"169838";"100";"14,8"
"7385";"169838";"100";"14,8"
"7390";"169838";"100";"14,8"
"7395";"169838";"100";"14,8"
"7400";"169838";"100";"14,8"
"7405";"169838";"100";"14,8"
"7410";"169838";"100";"14,8"
"7415";"169838";"100";"14,8"
"7420";"169838";"100";"14,8"
"7425";"169838";"100";"14,8"
"7430";"169838";"100";"14,8"
"7435";"169838";"100";"14,8"
"7440";"169838";"100";"14,8"
"7445";"169838";"100";"14,8"
"7450";"169838";"100";"14,8"
"7455";"169838";"100";"14,8"
"7460";"169838";"100";"14,8"
"7465";"169838";"100";"14,8"
"7470";"169838";"100";"14,8"
"7475";"169838";"100";"14,8"
"7480";"169838";"100";"14,8"
"7485";"169838";"100";"14,8"
"7490";"169838";"100";"14,8"
"7495";"169838";"100";"14,8"
"7500";"169838";"100";"14,8"
"7505";"169838";"100";"14,8"
"7510";"169838";"100";"14,8"
"7515";"169838";"100";"14,8"
"7520";"169838";"100";"14,8"
"7525";"169838";"100";"14,8"
"7530";"169838";"100";"14,8"
"7535";"169838";"100";"14,8"
"7540";"169838";"100";"14,8"
"7545";"169838";"100";"14,8"
"7550";"169838";"100";"14,8"
"7555";"169838";"100";"14,8"
"7560";"169838";"100";"14,8"
"7565";"169838";"100";"14,8"
"7570";"169838";"100";"14,8"
"7575";"169838";"100";"14,8"
"7580";"169838";"100";"14,8"
"7585";"169838";"100";"14,8"
"7590";"169838";"100";"14,8"
"7595";"169838";"100";"14,8"
"7600";"169838";"100";"14,8"
"7605";"169838";"100";"14,8"
"7610";"169838";"100";"14,8"
"7615";"169838";"100";"14,8"
"7620";"169838";"100";"14,8"
"7625";"169838";"100";"14,8"
"7630";"169838";"100";"14,8"
"7635";"169838";"100";"14,8"
"7640";"169838";"100";"14,8"
"7645";"203811";"100";"18,8"
"7650";"203811";"100";"18,8"
"7655";"203811";"100";"18,8"
"7660";"203811";"100";"18,8"
"7665";"203811";"100";"18,8"
"7670";"203811";"100";"18,8"
"7675";"203811";"100";"18,8"
"7680";"203811";"100";"18,8"
"7685";"203811";"100";"18,8"
"7690";"203811";"100";"18,8"
"7695";"203811";"100";"18,8"
"7700";"203811";"100";"18,8"
"7705";"203811";"100";"18,8"
"7710";"203811";"100";"18,8"
"7715";"203811";"100";"18,8"
"7720";"203811";"100";"18,8"
"7725";"203811";"100";"18,8"
"7730";"203811";"100";"18,8"
"7735";"203811";"100";"18,8"
"7740";"203811";"100";"18,8"
"7745";"203811";"100";"18,8"
"7750";"203811";"100";"18,8"
"7755";"203811";"100";"18,8"
"7760";"203811";"100";"18,8"
"7765";"203811";"100";"18,8"
"7770";"203811";"100";"18,8"
"7775";"203811";"100";"18,8"
"7780";"203811";"100";"18,8"
"7785";"203811";"100";"18,8"
"7790";"203811";"100";"18,8"
"7795";"203811";"100";"18,8"
"7800";"203811";"100";"18,8"
"7805";"203811";"100";"18,8"
"7810";"203811";"100";"18,8"
"7815";"169842";"100";"14,8"
"7820";"169842";"100";"14,8"
"7825";"169842";"100";"14,8"
"7830";"169842";"100";"14,8"
"7835";"169842";"100";"14,8"
"7840";"169842";"100";"14,8"
"7845";"169842";"100";"14,8"
"7850";"169842";"100";"14,8"
"7855";"169842";"100";"14,8"
"7860";"169842";"100";"14,8"
"7865";"169842";"100";"14,8"
"7870";"169842";"100";"14,8"
"7875";"169842";"100";"14,8"
"7880";"169842";"100";"14,8"
"7885";"169842";"100";"14,8"
"7890";"169842";"100";"14,8"
"7895";"169842";"100";"14,8"
"7900";"169842";"100";"14,8"
"7905";"169842";"100";"14,8"
"7910";"169842";"100";"14,8"
"7915";"169842";"100";"14,8"
"7920";"169842";"100";"14,8"
"7925";"169842";"100";"14,8"
"7930";"169842";"100";"14,8"
"7935";"169842";"100";"14,8"
"7940";"169842";"100";"14,8"
"7945";"169842";"100";"14,8"
"7950";"169842";"100";"14,8"
"7955";"169842";"100";"14,8"
"7960";"169842";"100";"14,8"
"7965";"169842";"100";"14,8"
"7970";"169842";"100";"14,8"
"7975";"169842";"100";"14,8"
"7980";"169842";"100";"14,8"
"7985";"169842";"100";"14,8"
"7990";"169842";"100";"14,8"
"7995";"169842";"100";"14,8"
"8000";"169842";"100";"14,8"
"8005";"169842";"100";"14,8"
"8010";"169842";"100";"14,8"
"8015";"169842";"100";"14,8"
"8020";"169842";"100";"14,8"
"8025";"169842";"100";"14,8"
"8030";"169842";"100";"14,8"
"8035";"169842";"100";"14,8"
"8040";"169842";"100";"14,8"
"8045";"170937";"100";"18,8"
"8050";"170937";"100";"18,8"
"8055";"170937";"100";"18,8"
"8060";"170937";"100";"18,8"
"8065";"170937";"100";"18,8"
"8070";"170937";"100";"18,8"
"8075";"170937";"100";"18,8"
"8080";"170937";"100";"18,8"
"8085";"170937";"100";"18,8"
"8090";"170937";"100";"18,8"
"8095";"170937";"100";"18,8"
"8100";"170937";"100";"18,8"
"8105";"170937";"100";"18,8"
"8110";"170937";"100";"22,8"
"8115";"169851";"100";"14,8"
"8120";"169851";"100";"14,8"
"8125";"169851";"100";"14,8"
"8130";"169851";"100";"14,8"
"8135";"169851";"100";"14,8"
"8140";"169851";"100";"14,8"
"8145";"169851";"100";"14,8"
"8150";"169851";"100";"14,8"
"8155";"169851";"100";"14,8"
"8160";"169851";"100";"18,8"
"8165";"169851";"100";"18,8"
"8170";"169851";"100";"18,8"
"8175";"169851";"100";"18,8"
"8180";"169851";"100";"18,8"
"8185";"169851";"100";"18,8"
"8190";"169851";"100";"18,8"
"8195";"169851";"100";"18,8"
"8200";"169851";"100";"18,8"
"8205";"169851";"100";"18,8"
"8210";"169851";"100";"18,8"
"8215";"169851";"100";"18,8"
"8220";"169851";"100";"18,8"
"8225";"169851";"100";"18,8"
"8230";"169851";"100";"18,8"
"8235";"169851";"100";"18,8"
"8240";"169851";"100";"18,8"
"8245";"169851";"100";"18,8"
"8250";"169851";"100";"18,8"
"8255";"169851";"100";"18,8"
"8260";"169851";"100";"18,8"
"8265";"169851";"100";"18,8"
"8270";"169851";"100";"18,8"
"8275";"169851";"100";"18,8"
"8280";"169851";"100";"18,8"
"8285";"169851";"100";"18,8"
"8290";"169851";"100";"18,8"
"8295";"169851";"100";"18,8"
"8300";"169851";"100";"18,8"
"8305";"169851";"100";"18,8"
"8310";"169851";"100";"18,8"
"8315";"169851";"100";"18,8"
"8320";"169851";"100";"18,8"
"8325";"169851";"100";"18,8"
"8330";"169851";"100";"18,8"
"8335";"169851";"100";"18,8"
"8340";"169851";"100";"18,8"
"8345";"169851";"100";"18,8"
"8350";"169851";"100";"18,8"
"8355";"169851";"100";"18,8"
"8360";"169851";"100";"18,8"
"8365";"169851";"100";"18,8"
"8370";"169851";"100";"18,8"
"8375";"169851";"100";"18,8"
"8380";"169851";"100";"18,8"
"8385";"169851";"100";"18,8"
"8390";"169851";"100";"18,8"
"8395";"169851";"100";"18,8"
"8400";"169851";"100";"18,8"
"8405";"169851";"100";"18,8"
"8410";"169851";"100";"18,8"
"8415";"169851";"100";"18,8"
"8420";"169851";"100";"18,8"
"8425";"169851";"100";"18,8"
"8430";"169851";"100";"18,8"
"8435";"169851";"100";"18,8"
"8440";"169851";"100";"18,8"
"8445";"169851";"100";"18,8"
"8450";"169851";"100";"18,8"
"8455";"169851";"100";"18,8"
"8460";"169851";"100";"18,8"
"8465";"169851";"100";"18,8"
"8470";"169851";"100";"18,8"
"8475";"169851";"100";"18,8"
"8480";"169851";"100";"18,8"
"8485";"169851";"100";"18,8"
"8490";"169851";"100";"18,8"
"8495";"203814";"100";"22,8"
"8500";"203814";"100";"22,8"
"8505";"203814";"100";"22,8"
"8510";"203814";"100";"22,8"
"8515";"203814";"100";"22,8"
"8520";"203814";"100";"22,8"
"8525";"203814";"100";"22,8"
"8530";"203814";"100";"22,8"
"8535";"203814";"100";"22,8"
"8540";"203814";"100";"22,8"
"8545";"203814";"100";"22,8"
"8550";"203814";"100";"22,8"
"8555";"203814";"100";"22,8"
"8560";"203814";"100";"22,8"
"8565";"203814";"100";"22,8"
"8570";"203814";"100";"22,8"
"8575";"203814";"100";"22,8"
"8580";"203814";"100";"22,8"
"8585";"203814";"100";"22,8"
"8590";"203814";"100";"22,8"
"8595";"203814";"100";"22,8"
"8600";"203814";"100";"22,8"
"8605";"203814";"100";"22,8"
"8610";"203814";"100";"22,8"
"8615";"203814";"100";"22,8"
"8620";"203814";"100";"22,8"
"8625";"203814";"100";"22,8"
"8630";"203814";"100";"22,8"
"8635";"203814";"100";"22,8"
"8640";"203814";"100";"22,8"
"8645";"203814";"100";"22,8"
"8650";"203814";"100";"22,8"
"8655";"203814";"100";"22,8"
"8660";"203814";"100";"22,8"
"8665";"203814";"100";"22,8"
"8670";"203814";"100";"22,8"
"8675";"203814";"100";"22,8"
"8680";"203814";"100";"22,8"
"8685";"203814";"100";"22,8"
"8690";"203814";"100";"22,8"
"8695";"203814";"100";"22,8"
"8700";"203814";"100";"22,8"
"8705";"203814";"100";"22,8"
"8710";"203814";"100";"22,8"
"8715";"203814";"100";"22,8"
"8720";"203814";"100";"22,8"
"8725";"203814";"100";"18,8"
"8730";"203814";"100";"18,8"
"8735";"203814";"100";"18,8"
"8740";"203814";"100";"18,8"
"8745";"203814";"100";"18,8"
"8750";"203814";"100";"18,8"
"8755";"203814";"100";"18,8"
"8760";"203814";"100";"18,8"
"8765";"203814";"100";"18,8"
"8770";"203814";"100";"18,8"
"8775";"203814";"100";"18,8"
"8780";"203814";"100";"18,8"
"8785";"203814";"100";"18,8"
"8790";"203814";"100";"18,8"
"8795";"203814";"100";"18,8"
"8800";"203814";"100";"18,8"
"8805";"203814";"100";"18,8"
"8810";"203814";"100";"18,8"
"8815";"203814";"100";"18,8"
"8820";"203814";"100";"18,8"
"8825";"203814";"100";"18,8"
"8830";"203814";"100";"18,8"
"8835";"170939";"100";"28,8"
"8840";"170939";"100";"28,8"
"8845";"170939";"100";"28,8"
"8850";"170939";"100";"28,8"
"8855";"170939";"100";"28,8"
"8860";"170939";"100";"28,8"
"8865";"170939";"100";"28,8"
"8870";"170939";"100";"28,8"
"8875";"170939";"100";"24,8"
"8880";"170939";"100";"24,8"
"8885";"170936";"100";"22,8"
"8890";"170936";"100";"22,8"
"8895";"170936";"100";"22,8"
"8900";"170936";"100";"22,8"
"8905";"170936";"100";"22,8"
"8910";"170936";"100";"22,8"
"8915";"170936";"100";"22,8"
"8920";"170936";"100";"22,8"
"8925";"203817";"100";"14,8"
"8930";"203817";"100";"14,8"
"8935";"203817";"100";"14,8"
"8940";"203817";"100";"14,8"
"8945";"203817";"100";"14,8"
"8950";"203817";"100";"14,8"
"8955";"203817";"100";"14,8"
"8960";"203817";"100";"14,8"
"8965";"203817";"100";"14,8"
"8970";"203817";"100";"14,8"
"8975";"203817";"100";"14,8"
"8980";"203817";"100";"14,8"
"8985";"203817";"100";"14,8"
"8990";"203817";"100";"14,8"
"8995";"203817";"100";"14,8"
"9000";"203817";"100";"14,8"
"9005";"203817";"100";"14,8"
"9010";"203817";"100";"14,8"
"9015";"203817";"100";"14,8"
"9020";"203817";"100";"14,8"
"9025";"203817";"100";"14,8"
"9030";"203817";"100";"14,8"
"9035";"203817";"100";"14,8"
"9040";"203817";"100";"14,8"
"9045";"203817";"100";"14,8"
"9050";"203817";"100";"14,8"
"9055";"203817";"100";"14,8"
"9060";"203817";"100";"14,8"
"9065";"203817";"100";"14,8"
"9070";"203817";"100";"14,8"
"9075";"203817";"100";"14,8"
"9080";"203817";"100";"14,8"
"9085";"203817";"100";"14,8"
"9090";"203817";"100";"14,8"
"9095";"203817";"100";"14,8"
"9100";"203817";"100";"14,8"
"9105";"203817";"100";"14,8"
"9110";"203817";"100";"14,8"
"9115";"203817";"100";"14,8"
"9120";"203817";"100";"14,8"
"9125";"203817";"100";"14,8"
"9130";"203817";"100";"14,8"
"9135";"203817";"100";"14,8"
"9140";"203817";"100";"14,8"
"9145";"203817";"100";"14,8"
"9150";"203817";"100";"14,8"
"9155";"203817";"100";"14,8"
"9160";"203817";"100";"14,8"
"9165";"203817";"100";"14,8"
"9170";"203817";"100";"14,8"
"9175";"203817";"100";"14,8"
"9180";"203817";"100";"14,8"
"9185";"203817";"100";"14,8"
"9190";"203817";"100";"14,8"
"9195";"203817";"100";"14,8"
"9200";"203817";"100";"14,8"
"9205";"203817";"100";"14,8"
"9210";"203817";"100";"14,8"
"9215";"203817";"100";"14,8"
"9220";"203817";"100";"14,8"
"9225";"203817";"100";"14,8"